INSERT INTO `rights` (`id`, `name`, `description`)
VALUES
(1, 'projects', 'Projecten'),
(2, 'registrations', 'Inschrijvingen binnen projecten'),
(3, 'users', 'Inschrijvingen binnen projecten'),
(4, 'casts', 'Casts'),
(5, 'locations', 'Locaties'),
(6, 'repetitiontypes', 'Repetitie-types'),
(7, 'scenes', 'Scènes'),
(8, 'roles', 'Rollen'),
(9, 'groups', 'Groepen'),
(10, 'repetitions', 'Repetitions'),
(11, 'articles', 'Artikelen'),
(13, 'fabrics', 'Stoffen'),
(14, 'patterns', 'Motieven'),
(15, 'colors', 'Kleuren'),
(16, 'sizes', 'Kledingmaten'),
(17, 'racks', 'Rekken'),
(18, 'categories', 'Retributie-categorieën'),
(19, 'orders', 'Bestellingen'),
(20, 'rights', 'Toegangsrollen');

INSERT INTO `sub_rights` (`id`, `name`, `description`, `rightId`)
VALUES
(1, 'projects_export', 'Exporteer projecten', 1),
(2, 'rights', 'Toegangsrollen', 1),
(3, 'badges', 'Badges aanmaken', 1),
(4, 'registrations_export', 'Exporteer inschrijvingen', 2),
(5, 'general', 'Algemene gegevens', 2),
(6, 'preferred', 'Voorkeurs-gegevens', 2),
(7, 'privacy', 'Overige gegevens', 2),
(8, 'picture', 'Profielfoto', 3),
(9, 'personal', 'Persoonlijke gegevens', 3),
(10, 'contact', 'Contactgegevens', 3),
(11, 'address', 'Adresgegevens', 3),
(12, 'other', 'Overige gegevens', 3),
(13, 'clothing', 'Kledijgegevens', 3),
(14, 'remarks', 'Opmerkingen', 3),
(15, 'registrations', 'Inschrijvingen', 3),
(16, 'roles', 'Rollen', 3),
(17, 'groups', 'Groepen', 3),
(18, 'scenes', 'Scènes', 3),
(19, 'repetitions', 'Repetities', 3),
(20, 'rights', 'Toegangsrollen', 3),
(21, 'export', 'Exporteren', 7),
(22, 'addusers', 'Beheer rollen/groepen', 7),
(23, 'export', 'Exporteren', 8),
(24, 'addusers', 'Medewerkers beheren', 8),
(25, 'export', 'Exporteren', 9),
(26, 'addusers', 'Medewerkers beheren', 9),
(27, 'export', 'Exporteren', 10),
(28, 'openclose', 'Openen/sluiten', 10),
(29, 'pin', 'Pinscherm', 10),
(30, 'present', 'Aanwezigen beheren', 10),
(31, 'export', 'Exporteren', 11),
(32, 'receive', 'Ontvangen', 11),
(33, 'export', 'Exporteren', 12),
(34, 'export', 'Exporteren', 13),
(35, 'export', 'Exporteren', 14),
(36, 'export', 'Exporteren', 15),
(37, 'export', 'Exporteren', 16),
(38, 'export', 'Exporteren', 17),
(39, 'export', 'Exporteren', 18),
(40, 'export', 'Exporteren', 19);

INSERT INTO `access_roles` (`id`, `name`, `description`) VALUES (1, 'Administrator', 'Administrator');

INSERT INTO `access_role_rights` (`accessRoleId`, `rightId`, `read`, `create`, `update`, `delete`) VALUES 
(1, 1, 1, 1, 1, 1),
(1, 2, 1, 1, 1, 1),
(1, 3, 1, 1, 1, 1),
(1, 4, 1, 1, 1, 1),
(1, 5, 1, 1, 1, 1),
(1, 6, 1, 1, 1, 1),
(1, 7, 1, 1, 1, 1),
(1, 8, 1, 1, 1, 1),
(1, 9, 1, 1, 1, 1),
(1, 10, 1, 1, 1, 1),
(1, 11, 1, 1, 1, 1),
(1, 12, 1, 1, 1, 1),
(1, 13, 1, 1, 1, 1),
(1, 14, 1, 1, 1, 1),
(1, 15, 1, 1, 1, 1),
(1, 16, 1, 1, 1, 1),
(1, 17, 1, 1, 1, 1),
(1, 18, 1, 1, 1, 1),
(1, 19, 1, 1, 1, 1),
(1, 20, 1, 1, 1, 1);

INSERT INTO `access_role_sub_rights` (`accessRoleId`, `subRightId`, `access`) VALUES 
(1, 1, 1),
(1, 2, 1),
(1, 3, 1),
(1, 4, 1),
(1, 5, 1),
(1, 6, 1),
(1, 7, 1),
(1, 8, 1),
(1, 9, 1),
(1, 10, 1),
(1, 11, 1),
(1, 12, 1),
(1, 13, 1),
(1, 14, 1),
(1, 15, 1),
(1, 16, 1),
(1, 17, 1),
(1, 18, 1),
(1, 19, 1),
(1, 20, 1),
(1, 21, 1),
(1, 22, 1),
(1, 23, 1),
(1, 24, 1),
(1, 25, 1),
(1, 26, 1),
(1, 27, 1),
(1, 28, 1),
(1, 29, 1),
(1, 30, 1),
(1, 31, 1),
(1, 32, 1),
(1, 33, 1),
(1, 34, 1),
(1, 35, 1),
(1, 36, 1),
(1, 37, 1),
(1, 38, 1),
(1, 39, 1),
(1, 40, 1);
